SET SQL_MODE="NO_AUTO_VALUE_ON_ZERO";
SET time_zone = "+00:00";

INSERT INTO `country` (`idCOUNTRY`, `alpha2`, `alpha3`, `nameUS`, `nameFR`) VALUES
(1, 'AF', 'AFG', 'Afghanistan', 'Afghanistan'),
(2, 'AL', 'ALB', 'Albania', 'Albanie'),
(3, 'AQ', 'ATA', 'Antarctica', 'Antarctique'),
(4, 'DZ', 'DZA', 'Algeria', 'Algérie'),
(5, 'AS', 'ASM', 'American Samoa', 'Samoa Américaines'),
(6, 'AD', 'AND', 'Andorra', 'Andorre'),
(7, 'AO', 'AGO', 'Angola', 'Angola'),
(8, 'AG', 'ATG', 'Antigua and Barbuda', 'Antigua-et-Barbuda'),
(9, 'AZ', 'AZE', 'Azerbaijan', 'Azerbaïdjan'),
(10, 'AR', 'ARG', 'Argentina', 'Argentine'),
(11, 'AU', 'AUS', 'Australia', 'Australie'),
(12, 'AT', 'AUT', 'Austria', 'Autriche'),
(13, 'BS', 'BHS', 'Bahamas', 'Bahamas'),
(14, 'BH', 'BHR', 'Bahrain', 'Bahreïn'),
(15, 'BD', 'BGD', 'Bangladesh', 'Bangladesh'),
(16, 'AM', 'ARM', 'Armenia', 'Arménie'),
(17, 'BB', 'BRB', 'Barbados', 'Barbade'),
(18, 'BE', 'BEL', 'Belgium', 'Belgique'),
(19, 'BM', 'BMU', 'Bermuda', 'Bermudes'),
(20, 'BT', 'BTN', 'Bhutan', 'Bhoutan'),
(21, 'BO', 'BOL', 'Bolivia', 'Bolivie'),
(22, 'BA', 'BIH', 'Bosnia and Herzegovina', 'Bosnie-Herzégovine'),
(23, 'BW', 'BWA', 'Botswana', 'Botswana'),
(24, 'BV', 'BVT', 'Bouvet Island', 'Île Bouvet'),
(25, 'BR', 'BRA', 'Brazil', 'Brésil'),
(26, 'BZ', 'BLZ', 'Belize', 'Belize'),
(27, 'IO', 'IOT', 'British Indian Ocean Territory', 'Territoire Britannique de l''Océan Indien'),
(28, 'SB', 'SLB', 'Solomon Islands', 'Îles Salomon'),
(29, 'VG', 'VGB', 'British Virgin Islands', 'Îles Vierges Britanniques'),
(30, 'BN', 'BRN', 'Brunei Darussalam', 'Brunéi Darussalam'),
(31, 'BG', 'BGR', 'Bulgaria', 'Bulgarie'),
(32, 'MM', 'MMR', 'Myanmar', 'Myanmar'),
(33, 'BI', 'BDI', 'Burundi', 'Burundi'),
(34, 'BY', 'BLR', 'Belarus', 'Bélarus'),
(35, 'KH', 'KHM', 'Cambodia', 'Cambodge'),
(36, 'CM', 'CMR', 'Cameroon', 'Cameroun'),
(37, 'CA', 'CAN', 'Canada', 'Canada'),
(38, 'CV', 'CPV', 'Cape Verde', 'Cap-vert'),
(39, 'KY', 'CYM', 'Cayman Islands', 'Îles Caïmanes'),
(40, 'CF', 'CAF', 'Central African', 'République Centrafricaine'),
(41, 'LK', 'LKA', 'Sri Lanka', 'Sri Lanka'),
(42, 'TD', 'TCD', 'Chad', 'Tchad'),
(43, 'CL', 'CHL', 'Chile', 'Chili'),
(44, 'CN', 'CHN', 'China', 'Chine'),
(45, 'TW', 'TWN', 'Taiwan', 'Taïwan'),
(46, 'CX', 'CXR', 'Christmas Island', 'Île Christmas'),
(47, 'CC', 'CCK', 'Cocos (Keeling) Islands', 'Îles Cocos (Keeling)'),
(48, 'CO', 'COL', 'Colombia', 'Colombie'),
(49, 'KM', 'COM', 'Comoros', 'Comores'),
(50, 'YT', 'MYT', 'Mayotte', 'Mayotte'),
(51, 'CG', 'COG', 'Republic of the Congo', 'République du Congo'),
(52, 'CD', 'COD', 'The Democratic Republic Of The Congo', 'République Démocratique du Congo'),
(53, 'CK', 'COK', 'Cook Islands', 'Îles Cook'),
(54, 'CR', 'CRI', 'Costa Rica', 'Costa Rica'),
(55, 'HR', 'HRV', 'Croatia', 'Croatie'),
(56, 'CU', 'CUB', 'Cuba', 'Cuba'),
(57, 'CY', 'CYP', 'Cyprus', 'Chypre'),
(58, 'CZ', 'CZE', 'Czech Republic', 'République Tchèque'),
(59, 'BJ', 'BEN', 'Benin', 'Bénin'),
(60, 'DK', 'DNK', 'Denmark', 'Danemark'),
(61, 'DM', 'DMA', 'Dominica', 'Dominique'),
(62, 'DO', 'DOM', 'Dominican Republic', 'République Dominicaine'),
(63, 'EC', 'ECU', 'Ecuador', 'Équateur'),
(64, 'SV', 'SLV', 'El Salvador', 'El Salvador'),
(65, 'GQ', 'GNQ', 'Equatorial Guinea', 'Guinée Équatoriale'),
(66, 'ET', 'ETH', 'Ethiopia', 'Éthiopie'),
(67, 'ER', 'ERI', 'Eritrea', 'Érythrée'),
(68, 'EE', 'EST', 'Estonia', 'Estonie'),
(69, 'FO', 'FRO', 'Faroe Islands', 'Îles Féroé'),
(70, 'FK', 'FLK', 'Falkland Islands', 'Îles (malvinas) Falkland'),
(71, 'GS', 'SGS', 'South Georgia and the South Sandwich Islands', 'Géorgie du Sud et les Îles Sandwich du Sud'),
(72, 'FJ', 'FJI', 'Fiji', 'Fidji'),
(73, 'FI', 'FIN', 'Finland', 'Finlande'),
(74, 'AX', 'ALA', 'Åland Islands', 'Îles Åland'),
(75, 'FR', 'FRA', 'France', 'France'),
(76, 'GF', 'GUF', 'French Guiana', 'Guyane Française'),
(77, 'PF', 'PYF', 'French Polynesia', 'Polynésie Française'),
(78, 'TF', 'ATF', 'French Southern Territories', 'Terres Australes Françaises'),
(79, 'DJ', 'DJI', 'Djibouti', 'Djibouti'),
(80, 'GA', 'GAB', 'Gabon', 'Gabon'),
(81, 'GE', 'GEO', 'Georgia', 'Géorgie'),
(82, 'GM', 'GMB', 'Gambia', 'Gambie'),
(83, 'PS', 'PSE', 'Occupied Palestinian Territory', 'Territoire Palestinien Occupé'),
(84, 'DE', 'DEU', 'Germany', 'Allemagne'),
(85, 'GH', 'GHA', 'Ghana', 'Ghana'),
(86, 'GI', 'GIB', 'Gibraltar', 'Gibraltar'),
(87, 'KI', 'KIR', 'Kiribati', 'Kiribati'),
(88, 'GR', 'GRC', 'Greece', 'Grèce'),
(89, 'GL', 'GRL', 'Greenland', 'Groenland'),
(90, 'GD', 'GRD', 'Grenada', 'Grenade'),
(91, 'GP', 'GLP', 'Guadeloupe', 'Guadeloupe'),
(92, 'GU', 'GUM', 'Guam', 'Guam'),
(93, 'GT', 'GTM', 'Guatemala', 'Guatemala'),
(94, 'GN', 'GIN', 'Guinea', 'Guinée'),
(95, 'GY', 'GUY', 'Guyana', 'Guyana'),
(96, 'HT', 'HTI', 'Haiti', 'Haïti'),
(97, 'HM', 'HMD', 'Heard Island and McDonald Islands', 'Îles Heard et Mcdonald'),
(98, 'VA', 'VAT', 'Vatican City State', 'Saint-Siège (état de la Cité du Vatican)'),
(99, 'HN', 'HND', 'Honduras', 'Honduras'),
(100, 'HK', 'HKG', 'Hong Kong', 'Hong-Kong'),
(101, 'HU', 'HUN', 'Hungary', 'Hongrie'),
(102, 'IS', 'ISL', 'Iceland', 'Islande'),
(103, 'IN', 'IND', 'India', 'Inde'),
(104, 'ID', 'IDN', 'Indonesia', 'Indonésie'),
(105, 'IR', 'IRN', 'Islamic Republic of Iran', 'République Islamique d''Iran'),
(106, 'IQ', 'IRQ', 'Iraq', 'Iraq'),
(107, 'IE', 'IRL', 'Ireland', 'Irlande'),
(108, 'IL', 'ISR', 'Israel', 'Israël'),
(109, 'IT', 'ITA', 'Italy', 'Italie'),
(110, 'CI', 'CIV', 'Côte d''Ivoire', 'Côte d''Ivoire'),
(111, 'JM', 'JAM', 'Jamaica', 'Jamaïque'),
(112, 'JP', 'JPN', 'Japan', 'Japon'),
(113, 'KZ', 'KAZ', 'Kazakhstan', 'Kazakhstan'),
(114, 'JO', 'JOR', 'Jordan', 'Jordanie'),
(115, 'KE', 'KEN', 'Kenya', 'Kenya'),
(116, 'KP', 'PRK', 'Democratic People''s Republic of Korea', 'République Populaire Démocratique de Corée'),
(117, 'KR', 'KOR', 'Republic of Korea', 'République de Corée'),
(118, 'KW', 'KWT', 'Kuwait', 'Koweït'),
(119, 'KG', 'KGZ', 'Kyrgyzstan', 'Kirghizistan'),
(120, 'LA', 'LAO', 'Lao People''s Democratic Republic', 'République Démocratique Populaire Lao'),
(121, 'LB', 'LBN', 'Lebanon', 'Liban'),
(122, 'LS', 'LSO', 'Lesotho', 'Lesotho'),
(123, 'LV', 'LVA', 'Latvia', 'Lettonie'),
(124, 'LR', 'LBR', 'Liberia', 'Libéria'),
(125, 'LY', 'LBY', 'Libyan Arab Jamahiriya', 'Jamahiriya Arabe Libyenne'),
(126, 'LI', 'LIE', 'Liechtenstein', 'Liechtenstein'),
(127, 'LT', 'LTU', 'Lithuania', 'Lituanie'),
(128, 'LU', 'LUX', 'Luxembourg', 'Luxembourg'),
(129, 'MO', 'MAC', 'Macao', 'Macao'),
(130, 'MG', 'MDG', 'Madagascar', 'Madagascar'),
(131, 'MW', 'MWI', 'Malawi', 'Malawi'),
(132, 'MY', 'MYS', 'Malaysia', 'Malaisie'),
(133, 'MV', 'MDV', 'Maldives', 'Maldives'),
(134, 'ML', 'MLI', 'Mali', 'Mali'),
(135, 'MT', 'MLT', 'Malta', 'Malte'),
(136, 'MQ', 'MTQ', 'Martinique', 'Martinique'),
(137, 'MR', 'MRT', 'Mauritania', 'Mauritanie'),
(138, 'MU', 'MUS', 'Mauritius', 'Maurice'),
(139, 'MX', 'MEX', 'Mexico', 'Mexique'),
(140, 'MC', 'MCO', 'Monaco', 'Monaco'),
(141, 'MN', 'MNG', 'Mongolia', 'Mongolie'),
(142, 'MD', 'MDA', 'Republic of Moldova', 'République de Moldova'),
(143, 'MS', 'MSR', 'Montserrat', 'Montserrat'),
(144, 'MA', 'MAR', 'Morocco', 'Maroc'),
(145, 'MZ', 'MOZ', 'Mozambique', 'Mozambique'),
(146, 'OM', 'OMN', 'Oman', 'Oman'),
(147, 'NA', 'NAM', 'Namibia', 'Namibie'),
(148, 'NR', 'NRU', 'Nauru', 'Nauru'),
(149, 'NP', 'NPL', 'Nepal', 'Népal'),
(150, 'NL', 'NLD', 'Netherlands', 'Pays-Bas'),
(151, 'AN', 'ANT', 'Netherlands Antilles', 'Antilles Néerlandaises'),
(152, 'AW', 'ABW', 'Aruba', 'Aruba'),
(153, 'NC', 'NCL', 'New Caledonia', 'Nouvelle-Calédonie'),
(154, 'VU', 'VUT', 'Vanuatu', 'Vanuatu'),
(155, 'NZ', 'NZL', 'New Zealand', 'Nouvelle-Zélande'),
(156, 'NI', 'NIC', 'Nicaragua', 'Nicaragua'),
(157, 'NE', 'NER', 'Niger', 'Niger'),
(158, 'NG', 'NGA', 'Nigeria', 'Nigéria'),
(159, 'NU', 'NIU', 'Niue', 'Niué'),
(160, 'NF', 'NFK', 'Norfolk Island', 'Île Norfolk'),
(161, 'NO', 'NOR', 'Norway', 'Norvège'),
(162, 'MP', 'MNP', 'Northern Mariana Islands', 'Îles Mariannes du Nord'),
(163, 'UM', 'UMI', 'United States Minor Outlying Islands', 'Îles Mineures Éloignées des États-Unis'),
(164, 'FM', 'FSM', 'Federated States of Micronesia', 'États Fédérés de Micronésie'),
(165, 'MH', 'MHL', 'Marshall Islands', 'Îles Marshall'),
(166, 'PW', 'PLW', 'Palau', 'Palaos'),
(167, 'PK', 'PAK', 'Pakistan', 'Pakistan'),
(168, 'PA', 'PAN', 'Panama', 'Panama'),
(169, 'PG', 'PNG', 'Papua New Guinea', 'Papouasie-Nouvelle-Guinée'),
(170, 'PY', 'PRY', 'Paraguay', 'Paraguay'),
(171, 'PE', 'PER', 'Peru', 'Pérou'),
(172, 'PH', 'PHL', 'Philippines', 'Philippines'),
(173, 'PN', 'PCN', 'Pitcairn', 'Pitcairn'),
(174, 'PL', 'POL', 'Poland', 'Pologne'),
(175, 'PT', 'PRT', 'Portugal', 'Portugal'),
(176, 'GW', 'GNB', 'Guinea-Bissau', 'Guinée-Bissau'),
(177, 'TL', 'TLS', 'Timor-Leste', 'Timor-Leste'),
(178, 'PR', 'PRI', 'Puerto Rico', 'Porto Rico'),
(179, 'QA', 'QAT', 'Qatar', 'Qatar'),
(180, 'RE', 'REU', 'Réunion', 'Réunion'),
(181, 'RO', 'ROU', 'Romania', 'Roumanie'),
(182, 'RU', 'RUS', 'Russian Federation', 'Fédération de Russie'),
(183, 'RW', 'RWA', 'Rwanda', 'Rwanda'),
(184, 'SH', 'SHN', 'Saint Helena', 'Sainte-Hélène'),
(185, 'KN', 'KNA', 'Saint Kitts and Nevis', 'Saint-Kitts-et-Nevis'),
(186, 'AI', 'AIA', 'Anguilla', 'Anguilla'),
(187, 'LC', 'LCA', 'Saint Lucia', 'Sainte-Lucie'),
(188, 'PM', 'SPM', 'Saint-Pierre and Miquelon', 'Saint-Pierre-et-Miquelon'),
(189, 'VC', 'VCT', 'Saint Vincent and the Grenadines', 'Saint-Vincent-et-les Grenadines'),
(190, 'SM', 'SMR', 'San Marino', 'Saint-Marin'),
(191, 'ST', 'STP', 'Sao Tome and Principe', 'Sao Tomé-et-Principe'),
(192, 'SA', 'SAU', 'Saudi Arabia', 'Arabie Saoudite'),
(193, 'SN', 'SEN', 'Senegal', 'Sénégal'),
(194, 'SC', 'SYC', 'Seychelles', 'Seychelles'),
(195, 'SL', 'SLE', 'Sierra Leone', 'Sierra Leone'),
(196, 'SG', 'SGP', 'Singapore', 'Singapour'),
(197, 'SK', 'SVK', 'Slovakia', 'Slovaquie'),
(198, 'VN', 'VNM', 'Vietnam', 'Viet Nam'),
(199, 'SI', 'SVN', 'Slovenia', 'Slovénie'),
(200, 'SO', 'SOM', 'Somalia', 'Somalie'),
(201, 'ZA', 'ZAF', 'South Africa', 'Afrique du Sud'),
(202, 'ZW', 'ZWE', 'Zimbabwe', 'Zimbabwe'),
(203, 'ES', 'ESP', 'Spain', 'Espagne'),
(204, 'EH', 'ESH', 'Western Sahara', 'Sahara Occidental'),
(205, 'SD', 'SDN', 'Sudan', 'Soudan'),
(206, 'SR', 'SUR', 'Suriname', 'Suriname'),
(207, 'SJ', 'SJM', 'Svalbard and Jan Mayen', 'Svalbard etÎle Jan Mayen'),
(208, 'SZ', 'SWZ', 'Swaziland', 'Swaziland'),
(209, 'SE', 'SWE', 'Sweden', 'Suède'),
(210, 'CH', 'CHE', 'Switzerland', 'Suisse'),
(211, 'SY', 'SYR', 'Syrian Arab Republic', 'République Arabe Syrienne'),
(212, 'TJ', 'TJK', 'Tajikistan', 'Tadjikistan'),
(213, 'TH', 'THA', 'Thailand', 'Thaïlande'),
(214, 'TG', 'TGO', 'Togo', 'Togo'),
(215, 'TK', 'TKL', 'Tokelau', 'Tokelau'),
(216, 'TO', 'TON', 'Tonga', 'Tonga'),
(217, 'TT', 'TTO', 'Trinidad and Tobago', 'Trinité-et-Tobago'),
(218, 'AE', 'ARE', 'United Arab Emirates', 'Émirats Arabes Unis'),
(219, 'TN', 'TUN', 'Tunisia', 'Tunisie'),
(220, 'TR', 'TUR', 'Turkey', 'Turquie'),
(221, 'TM', 'TKM', 'Turkmenistan', 'Turkménistan'),
(222, 'TC', 'TCA', 'Turks and Caicos Islands', 'Îles Turks et Caïques'),
(223, 'TV', 'TUV', 'Tuvalu', 'Tuvalu'),
(224, 'UG', 'UGA', 'Uganda', 'Ouganda'),
(225, 'UA', 'UKR', 'Ukraine', 'Ukraine'),
(226, 'MK', 'MKD', 'The Former Yugoslav Republic of Macedonia', 'L''ex-République Yougoslave de Macédoine'),
(227, 'EG', 'EGY', 'Egypt', 'Égypte'),
(228, 'GB', 'GBR', 'United Kingdom', 'Royaume-Uni'),
(229, 'IM', 'IMN', 'Isle of Man', 'Île de Man'),
(230, 'TZ', 'TZA', 'United Republic Of Tanzania', 'République-Unie de Tanzanie'),
(231, 'US', 'USA', 'United States', 'États-Unis'),
(232, 'VI', 'VIR', 'U.S. Virgin Islands', 'Îles Vierges des États-Unis'),
(233, 'BF', 'BFA', 'Burkina Faso', 'Burkina Faso'),
(234, 'UY', 'URY', 'Uruguay', 'Uruguay'),
(235, 'UZ', 'UZB', 'Uzbekistan', 'Ouzbékistan'),
(236, 'VE', 'VEN', 'Venezuela', 'Venezuela'),
(237, 'WF', 'WLF', 'Wallis and Futuna', 'Wallis et Futuna'),
(238, 'WS', 'WSM', 'Samoa', 'Samoa'),
(239, 'YE', 'YEM', 'Yemen', 'Yémen'),
(240, 'CS', 'SCG', 'Serbia and Montenegro', 'Serbie-et-Monténégro'),
(241, 'ZM', 'ZMB', 'Zambia', 'Zambie');

INSERT INTO `studio` (`idStudio`, `Name`) VALUES
(1, 'Valve Corporation'),
(2, 'ArenaNet'),
(3, 'Blizzard Entertainment'),
(5, 'Riot Games'),
(8, '4J Studios');

INSERT INTO `editor` (`idEditor`, `Name`) VALUES
(1, 'Blizzard Entertainment'),
(2, 'NCsoft'),
(3, 'Mojang'),
(4, 'Riot Games');

INSERT INTO `gamer` (`idGAMER`, `Name`, `Birthdate`, `Description`, `idCOUNTRY`) VALUES
(1, 'Jack', '1991-03-22 00:00:00', NULL, 75),
(2, 'Healkiss', '1989-01-30 00:00:00', NULL, 75),
(3, 'Eolhing', '1992-09-17 00:00:00', NULL, 75),
(4, 'Nivtitif', '1992-07-20 00:00:00', NULL, 75),
(5, 'Gideon', '1992-06-25 00:00:00', NULL, 75),
(6, 'KrakenRose', '1992-10-24 00:00:00', NULL, 75);

INSERT INTO `user` (`idUSER`, `First_name`, `Last_name`, `Password`, `Nickname`, `Description`, `Birthdate`, `Bank`, `RegistrationDate`) VALUES
(1, 'John', 'X', NULL, 'Johnny31', NULL, '1983-08-23 00:00:00', 120, '2013-04-01 00:00:00'),
(2, 'Samantha', 'Y', NULL, 'Samy', NULL, '1985-06-11 00:00:00', 20, '2013-04-02 00:00:00'),
(3, 'François', 'Unknown', '', 'Franky', NULL, '1989-01-30 00:00:00', 49, '2013-04-03 00:00:00'),
(4, 'Jean', 'Dupont', NULL, 'Jeannot', NULL, '1987-06-16 00:00:00', 12, '2013-04-02 00:00:00'),
(5, 'Constantin', 'Dupond', NULL, 'tintin', NULL, '1985-10-22 00:00:00', 60, '2013-04-03 00:00:00'),
(6, 'Arthur', 'Durand', NULL, 'tuture', NULL, '1985-02-11 00:00:00', 96, '2013-04-03 00:00:00'),
(7, 'Aymeric', 'Soulet', NULL, 'Rimic', NULL, '1989-10-23 00:00:00', 23, '2013-04-02 00:00:00'),
(8, 'Jean', 'Casa', NULL, 'JeanDu33', NULL, '1987-03-09 00:00:00', 26, '2013-04-03 00:00:00');

INSERT INTO `contest` (`idCONTEST`, `Name`, `Description`, `Price`, `Location`, `Startdate`, `Enddate`) VALUES
(1, 'Iron Squid I', 'Sous le nom Iron Squid se cache un nouveau tournoi pour tous les amateurs de StarCraft II. Le nom Iron Squid a été choisi en référence à la capacité qu''ont acquise certains joueurs professionnels dans la gestion de plusieurs tâches simultanément. Cette technique est parfois tellement développée qu''elle nous amène à croire qu''ils ont plus de deux bras, certains mêmes en ont même tiré un surnom comme le célèbre Leenock(topus).\r\n\r\nDurant IronSquid, 20 joueurs de classe mondiale se disputeront un cash total de 25 000$. 18 de ces joueurs seront directement invites, et deux tournois de qualification attribueront les deux dernières places. Les 4 groupes de 5 joueurs seront disputés sur internet tout comme les quarts de finale.\r\n\r\nRépartition du cash :\r\n\r\n12.500$\r\n6.250$\r\n3.750$\r\n2.500$\r\nLes parties seront commentées par deux célèbres duos :\r\n\r\nLes casters français Pomf & Thud sont les plus actifs dans leur pays, ils ont commenté de grands tournois comme l’ESWC à Paris et sont célèbres pour leur façon de caster à la fois spectaculaire et amusante. Inutile de présenter Total Biscuit et Apollo, les britanniques ont commenté de nombreux tournois dernièrement, et leur touche britannique est parfaitement adaptée à IronSquid. Toutes les games du tournoi seront commentées puis disponible en VOD sur les chaines Youtube de vos casters favoris.\r\n\r\nConcernant les demi-finales et la finale, elles se dérouleront le 5 Mai 2012 à Paris, dans un lieu de prestige. Plus de 2500 spectateurs seront réunis pour assister à ces phases finales.\r\n\r\n14 invités, cela signifie qu’il reste 2 places. Ces deux dernières places seront à gagner vie deux tournois de qualification. En plus de son ticket pour le tournoi, le gagnant de chaque tournoi de qualification repartira avec 500$.\r\n\r\nLes premiers joueurs seront très bientôt révélés, soyez prêts pour IronSquid !', '25000', 'Paris', '2012-01-01 00:00:00', '2012-01-29 00:00:00'),
(2, 'Iron Squid II', 'Sous le nom Iron Squid se cache un nouveau tournoi pour tous les amateurs de StarCraft II. Le nom Iron Squid a été choisi en référence à la capacité qu''ont acquise certains joueurs professionnels dans la gestion de plusieurs tâches simultanément. Cette technique est parfois tellement développée qu''elle nous amène à croire qu''ils ont plus de deux bras, certains mêmes en ont même tiré un surnom comme le célèbre Leenock(topus).\r\n\r\nDurant IronSquid, 20 joueurs de classe mondiale se disputeront un cash total de 25 000$. 18 de ces joueurs seront directement invites, et deux tournois de qualification attribueront les deux dernières places. Les 4 groupes de 5 joueurs seront disputés sur internet tout comme les quarts de finale.\r\n\r\nRépartition du cash :\r\n\r\n12.500$\r\n6.250$\r\n3.750$\r\n2.500$\r\nLes parties seront commentées par deux célèbres duos :\r\n\r\nLes casters français Pomf & Thud sont les plus actifs dans leur pays, ils ont commenté de grands tournois comme l’ESWC à Paris et sont célèbres pour leur façon de caster à la fois spectaculaire et amusante. Inutile de présenter Total Biscuit et Apollo, les britanniques ont commenté de nombreux tournois dernièrement, et leur touche britannique est parfaitement adaptée à IronSquid. Toutes les games du tournoi seront commentées puis disponible en VOD sur les chaines Youtube de vos casters favoris.\r\n\r\nConcernant les demi-finales et la finale, elles se dérouleront le 5 Mai 2012 à Paris, dans un lieu de prestige. Plus de 2500 spectateurs seront réunis pour assister à ces phases finales.\r\n\r\n14 invités, cela signifie qu’il reste 2 places. Ces deux dernières places seront à gagner vie deux tournois de qualification. En plus de son ticket pour le tournoi, le gagnant de chaque tournoi de qualification repartira avec 500$.\r\n\r\nLes premiers joueurs seront très bientôt révélés, soyez prêts pour IronSquid !', '25000', 'Paris', '2013-01-01 00:00:00', '2013-01-26 00:00:00'),
(5, 'World Championship Series 2013', 'Championnat de Starcraft II organisé par Blizzard', '1600000', 'Worldwide', '2013-04-10 00:00:00', '0000-00-00 00:00:00'),
(6, 'GSL 2013 Saison 2', 'Championnat de Starcraft II', '80000', 'Worldwide', '2013-03-06 00:00:00', '0000-00-00 00:00:00'),
(9, 'GSL 2013 Saison 1', 'Championnat internationnale de Starcraft II', '80000', 'Worldwide', '2013-02-21 00:00:00', '2013-03-06 00:00:00'),
(10, 'The Champions Spring 2013', 'Championnant corréen  de League of Legend', '120000', 'Corée', '2013-03-23 00:00:00', '2013-04-10 00:00:00'),
(11, 'Proleague 2012-2013', 'Starcraft', '50000', 'Worlwide', '2012-12-04 00:00:00', '2013-04-09 00:00:00'),
(12, 'Acer Teamstory Cup 2013', 'Starcraft 2', '12000', 'Worldwide', '2013-03-25 00:00:00', '0000-00-00 00:00:00');

INSERT INTO `match` (`idMATCH`, `Description`, `Startdate`, `Enddate`, `idCONTEST`) VALUES
(1, 'demi finale', '2012-01-27 09:22:00', '2012-01-27 11:33:00', 1),
(2, 'Finale', '2012-01-28 15:00:00', '2012-01-28 19:00:00', 1),
(3, 'demi finale', '2013-01-17 12:00:00', '2013-01-17 15:00:00', 2),
(30, 'Biggest', '2013-03-11 15:32:56', '2013-04-09 00:00:00', 11),
(31, 'Pool 1 match 1', '2013-04-11 17:51:40', '2013-04-11 18:11:56', 5);

INSERT INTO `score` (`idScore`, `Score`) VALUES
(1, '2'),
(2, '3'),
(3, '3'),
(4, '4'),
(8, '12'),
(9, '5'),
(10, '11'),
(11, '5'),
(12, '5');

INSERT INTO `type` (`idTYPE`, `Name`, `Description`) VALUES
(1, 'MMORPG', 'Jeu de rôle en ligne massivement multijoueur.\n\nUn jeu de rôle en ligne massivement multijoueur (en anglais, massively multiplayer online role-playing game : MMORPG) est un type de jeu vidéo associant le jeu de rôle et le jeu en ligne massivement multijoueur, permettant à un grand nombre de personnes d''interagir simultanément dans un monde virtuel qui est aussi un monde persistant, c''est-à-dire qu''il continue à évoluer lorsque le joueur n''est pas connecté.\n\nCe type de jeu, de par la persistance de l''environnement et l''implication qu''il demande, crée des rapports sociaux entre joueurs particulièrement forts, avec l''apparition de phénomènes inédits, comme les communautés virtuelles de joueurs et les risques de dépendance ludique.\n\nLe joueur est représenté par un avatar, personnage qu''il crée puis fait progresser dans un monde virtuel d''inspiration fantastique, de science-fiction ou de super-héros, riche en aventures. Ce faisant, il interagit avec l''environnement contrôlé par le programme et avec les autres joueurs.\n\nsource : <a href="http://fr.wikipedia.org/wiki/Jeu_de_r%C3%B4le_en_ligne_massivement_multijoueur">Wikipedia</a>'),
(2, 'RTS', 'Jeu de stratégie en temps réel\n\nLe jeu de stratégie en temps réel (STR, ou RTS pour la dénomination du genre en anglais : real-time strategy) est un type de jeu de stratégie particulier qui notamment et par opposition au jeu de stratégie au tour par tour n’utilise pas un découpage arbitraire du temps en tours de jeu, ce n’est toutefois pas le seul élément qui fait d’un jeu de stratégie un STR.'),
(3, 'MOBA', 'Arène de bataille en ligne multijoueur\n\nUne arène de bataille en ligne multijoueur (en anglais, Multiplayer online battle arena : MOBA) est un type de jeu vidéo qui tire son origine de Defense of the Ancients (DotA), un mod de Warcraft III: Reign of Chaos sorti en 2003, associant le jeu de stratégie en temps réel et le jeu de rôle. Ainsi on parle aussi de DotA-like.\n\nIl s''agit d''un genre essentiellement multijoueur, qui se joue généralement avec deux équipes de cinq joueurs1. L''objectif pour chaque équipe est de détruire la structure principale de l''équipe adverse, au moyen des personnages contrôlés par chaque joueur et avec l''aide des unités contrôlés par l''ordinateur.'),
(4, 'Sandbox', 'Jeu orienté sandbox\n\nUn jeu orienté sandbox n''a pas d''objectif prédéterminé par le concepteur du jeu. Le joueur est libre de définir ses propres objectifs, et cette possibilité lui est accordée par les développeurs du jeu qui lui fournissent un panel d''outils permettant de modifier le contenu, et souvent de manière permanente (jeux sandbox en ligne).\n\nL''objectif du sandbox est de compter sur la créativité des joueurs pour augmenter la durée de vie du jeu, puisque celle-ci n''est pas limitée au contenu initial prévu par les développeurs, mais par l''imagination et le dévouement de l''ensemble de la communauté des joueurs.'),
(5, 'FPS', 'Le jeu de tir en vue subjective, souvent appelé Doom-like ou FPS, sigle pour l''expression anglaise first-person shooter, est un type de jeu vidéo de tir basé sur des combats en vue à la première personne, c''est-à-dire que le joueur voit l''action à travers les yeux du protagoniste.\nC''est un sous-genre du jeu d''action qui partage des traits communs avec les autres genres de jeux de tirs, tels que le jeu de tir en vue objective ou le jeu de tir au pistolet.\n\nDepuis la création du genre, le jeu de tir en vue subjective a été marqué par la naissance et l''évolution des graphismes en trois dimensions grâce aux progrès du matériel informatique, ainsi que l''évolution du jeu multijoueur et du sport électronique.');

INSERT INTO `videogame` (`idVIDEOGAME`, `Name`, `Description`, `Year`, `idStudio`, `idEditor`) VALUES
(1, 'Starcraft 2', 'StarCraft II est un jeu vidéo de stratégie en temps réel (STR) développé par Blizzard Entertainment. La première partie du jeu appelé StarCraft II: Wings of Liberty sort dans le monde le 27 juillet 2010 sur PC et MAC et fait suite à StarCraft sorti en 1998 et à son extension StarCraft: Brood War. StarCraft II est divisé en trois parties : le jeu de base sous-titré - Wings of Liberty - devant être complété par deux extensions appelées Heart of the Swarm et Legacy of the Void.\nLe jeu prend place au 26e siècle et relate les affrontements entre trois espèces distinctes pour la domination d''une zone de la voie lactée connue sous le nom de Secteur Koprulu : Les Terrans constitués de descendants de bagnards terriens exilés loin de leur monde natal ; les Zergs, une race d''insectes modifiés génétiquement et obsédés par l''assimilation des autres espèces de la Galaxie ; et les Protoss, une race d''humanoïde disposant de technologies et de pouvoirs psioniques très avancés et cherchant à préserver leur civilisation de la menace des Zergs. L''action de StarCraft II: Wings of Liberty se déroule quatre ans après les événements de StarCraft: Brood War et se concentre sur la lutte d''un groupe de rebelles Terrans mené par Jim Raynor combattant un régime autoritaire appelé Dominion. Les deux extensions Heart of the Swarm et Legacy of the Void devraient se concentrer respectivement sur l''histoire des Zergs puis des Protoss.\n', 2010, 3, 1),
(2, 'League of Legends', 'League of Legends (abrégé en LoL, anciennement League of Legends : Clash of fates) est une arène de bataille en ligne multijoueur (MOBA) développée et éditée par Riot Games', 2008, 5, 4),
(3, 'Minecraft', 'Minecraft est un jeu vidéo indépendant de type Bac à sable (construction complètement libre) développé par Markus Persson, plus connu sous le pseudonyme de Notch par la communauté. Il reste toujours en développement et reçoit régulièrement des mises à jour.', 2009, 8, 3),
(4, 'Guild Wars 2', 'Guild Wars 2 est un jeu de rôle en ligne massivement multijoueur (MMORPG) développé par ArenaNet et distribué par NCsoft, sorti le 28 août 2012. Son développement a été révélé en mars 2007.\nLe jeu se déroule en Tyrie, 250 ans après les événements de Guild Wars, suite à plusieurs cataclysmes causées par le réveil des dragons anciens, des créatures qui peuvent rivaliser avec les Dieux.', 2012, 2, 2),
(5, 'Team Fortress 2', 'Team Fortress 2, ou TF2, est un jeu vidéo de tir subjectif multijoueur en ligne basé sur le jeu d''équipe. Développé par Valve Corporation, il est la suite directe de Team Fortress Classic', 2007, NULL, NULL);

INSERT INTO `videogame_type` (`TYPE_idTYPE`, `VIDEOGAME_idVIDEOGAME`) VALUES
(2, 1),
(3, 2),
(4, 3),
(1, 4),
(5, 5);

INSERT INTO `bet` (`idBET`, `Winner`, `Price`, `USER_idUSER`, `MATCH_idMATCH`) VALUES
(1, 'team1', '12', 1, 30),
(2, 'team2', '3', 1, 3),
(3, '1', '1', 2, 1),
(4, '2', '2', 2, 2),
(5, 'team2', '10', 3, 30),
(6, 'team1', '10', 3, 31),
(7, 'team1', '52', 4, 3),
(8, 'team2', '2', 4, 30),
(9, 'team1', '3', 5, 30),
(10, 'team1', '4', 5, 3),
(11, '1', '12', 6, 1),
(12, 'team2', '12', 6, 31),
(13, 'team2', '73', 7, 30),
(14, 'team1', '75', 7, 3),
(15, 'team1', '20', 8, 31),
(16, '2', '15', 8, 2),
(17, 'team1', '10', 4, 30),
(18, 'team2', '10', 5, 30),
(19, 'team1', '10', 3, 30),
(20, 'team1', '12', 7, 30);

INSERT INTO `gamer_videogame` (`GAMER_idGAMER`, `VIDEOGAME_idVIDEOGAME`) VALUES
(1, 1),
(2, 1),
(3, 1),
(1, 2),
(3, 2),
(4, 2),
(5, 2),
(6, 2),
(1, 3),
(2, 3),
(4, 3),
(2, 4),
(3, 4),
(5, 4),
(6, 4),
(3, 5),
(5, 5),
(6, 5);

INSERT INTO `match_gamer` (`GAMER_idGAMER`, `MATCH_idMATCH`, `Side`) VALUES
(1, 1, '1'),
(1, 2, '1'),
(1, 30, 'team2'),
(2, 1, '2'),
(2, 30, 'team1'),
(3, 2, '2'),
(3, 30, 'team1'),
(3, 31, 'team1'),
(4, 3, 'team 2'),
(4, 30, 'team2'),
(5, 30, 'team1'),
(5, 31, 'team2'),
(6, 3, 'team 1'),
(6, 30, 'team2');

INSERT INTO `match_score` (`SCORE_idSCORE`, `MATCH_idMATCH`, `Side`) VALUES
(1, 1, '1'),
(2, 2, '2'),
(3, 3, 'Team 1'),
(4, 3, 'Team 2'),
(8, 30, 'team1'),
(9, 30, 'team2'),
(11, 31, 'team1'),
(12, 31, 'team1');